{
  "best_solution": {
    "by_group": [
      [ 19, 2 ],
      [ 4, 0 ],
      [ 10, 2 ],
      [ 10, 2 ],
      [ 9, 2 ],
      [ 2, 2 ],
      [ 1, 0 ],
      [ 3, 1 ],
      [ 26, 0 ],
      [ 11, 1 ],
      [ 29, 2 ],
      [ 33, 1 ],
      [ 4, 0 ],
      [ 2, 2 ]
    ],
    "by_student": [
      [ 2, 0, 1 ],
      [ 2, 2, 1, 1 ],
      [ 0, 1, 1 ]
    ],
    "fitness": 0.7770689349636717,
    "genotype": [ 2, 0, 1, 2, 2, 1, 1, 0, 1, 1, 19, 2, 4, 0, 10, 2, 10, 2, 9, 2, 2, 2, 1, 0, 3, 1, 26, 0, 11, 1, 29, 2, 33, 1, 4, 0, 2, 2 ],
    "management_fitness": 0.4444444444444444,
    "student_fitnesses": [
      1.0,
      1.0,
      1.0
    ],
    "teacher_fitnesses": [
      0.8421052631578947,
      0.8181818181818182,
      1.0
    ]
  },
  "iteration": 0,
  "job_id": "easy_test_job_001"
}
