{
  "genotype": [2,1,0,0,2,0,3,0,1,2,16,2,14,2,8,0,8,1,13,2,2,1,1,0,5,0,12,1,19,0,32,2,30,2,17,1,3,1],
  "fitness": 0.750441,
  "by_student": [
    [2,1,0],
    [0,2,0,3],
    [0,1,2]
  ],
  "by_group": [
    [16,2],
    [14,2],
    [8,0],
    [8,1],
    [13,2],
    [2,1],
    [1,0],
    [5,0],
    [12,1],
    [19,0],
    [32,2],
    [30,2],
    [17,1],
    [3,1]
  ],
  "student_fitnesses": [1.0,1.0,1.0],
  "teacher_fitnesses": [0.6428571428571429,0.7777777777777778,1.0],
  "management_fitness": 0.444444
}
